{
    "0": [
        31,
        32,
        33,
        37,
        38,
        39,
        40,
        41,
        42,
        46,
        47,
        48
    ],
    "1": [
        21,
        22,
        23,
        24,
        25,
        26,
        27,
        28,
        29,
        30
    ],
    "2": [
        13,
        14,
        15,
        16,
        17,
        18,
        19,
        20
    ],
    "3": [
        7,
        8,
        9,
        10,
        11,
        12,
        43,
        44,
        45
    ],
    "4": [
        4,
        5,
        6,
        34,
        35,
        36,
        53
    ],
    "5": [
        1,
        2,
        3,
        49,
        50,
        51,
        52
    ]
}