{
    "1": 5,
    "2": 5,
    "3": 5,
    "4": 4,
    "5": 4,
    "6": 4,
    "7": 3,
    "8": 3,
    "9": 3,
    "10": 3,
    "11": 3,
    "12": 3,
    "13": 2,
    "14": 2,
    "15": 2,
    "16": 2,
    "17": 2,
    "18": 2,
    "19": 2,
    "20": 2,
    "21": 1,
    "22": 1,
    "23": 1,
    "24": 1,
    "25": 1,
    "26": 1,
    "27": 1,
    "28": 1,
    "29": 1,
    "30": 1,
    "31": 0,
    "32": 0,
    "33": 0,
    "34": 4,
    "35": 4,
    "36": 4,
    "37": 0,
    "38": 0,
    "39": 0,
    "40": 0,
    "41": 0,
    "42": 0,
    "43": 3,
    "44": 3,
    "45": 3,
    "46": 0,
    "47": 0,
    "48": 0,
    "49": 5,
    "50": 5,
    "51": 5,
    "52": 5,
    "53": 4
}