{
    "0": [
        45,
        46,
        48,
        49,
        50,
        51,
        54
    ],
    "1": [
        34,
        37,
        40,
        41,
        43,
        44,
        47
    ],
    "2": [
        27,
        29,
        30,
        31,
        32,
        35,
        38
    ],
    "3": [
        23,
        36,
        39,
        42,
        52,
        53
    ],
    "4": [
        14,
        18,
        21,
        22,
        24,
        25,
        28
    ],
    "5": [
        13,
        16,
        17,
        19,
        20,
        26
    ],
    "6": [
        4,
        5,
        8,
        9,
        10,
        11,
        12,
        15
    ],
    "7": [
        1,
        2,
        3,
        6,
        7,
        33
    ]
}