{
    "0": [
        43,
        45,
        46,
        47,
        50,
        51,
        52,
        53
    ],
    "1": [
        23,
        24,
        25,
        26,
        34,
        35,
        38
    ],
    "2": [
        17,
        18,
        19,
        20,
        21,
        22,
        42
    ],
    "3": [
        13,
        54,
        55,
        56,
        57,
        58,
        59,
        60
    ],
    "4": [
        11,
        15,
        16,
        40,
        41,
        44,
        48,
        49
    ],
    "5": [
        10,
        27,
        28,
        29,
        30,
        31,
        32,
        33
    ],
    "6": [
        3,
        4,
        5,
        7,
        8,
        9,
        14
    ],
    "7": [
        1,
        2,
        6,
        12,
        36,
        37,
        39
    ]
}