{
    "0": [
        49,
        50,
        51,
        52,
        53
    ],
    "1": [
        43,
        44,
        45,
        46,
        47,
        48
    ],
    "2": [
        31,
        32,
        33,
        34,
        35,
        36,
        37,
        38,
        39,
        40,
        41,
        42
    ],
    "3": [
        22,
        23,
        24,
        25,
        26,
        27,
        28,
        29,
        30
    ],
    "4": [
        13,
        14,
        15,
        16,
        17,
        18,
        19,
        20,
        21
    ],
    "5": [
        1,
        2,
        3,
        4,
        5,
        6,
        7,
        8,
        9,
        10,
        11,
        12
    ]
}