{
    "1": 5,
    "2": 5,
    "3": 5,
    "4": 5,
    "5": 5,
    "6": 5,
    "7": 5,
    "8": 5,
    "9": 5,
    "10": 5,
    "11": 5,
    "12": 5,
    "13": 4,
    "14": 4,
    "15": 4,
    "16": 4,
    "17": 4,
    "18": 4,
    "19": 4,
    "20": 4,
    "21": 4,
    "22": 3,
    "23": 3,
    "24": 3,
    "25": 3,
    "26": 3,
    "27": 3,
    "28": 3,
    "29": 3,
    "30": 3,
    "31": 2,
    "32": 2,
    "33": 2,
    "34": 2,
    "35": 2,
    "36": 2,
    "37": 2,
    "38": 2,
    "39": 2,
    "40": 2,
    "41": 2,
    "42": 2,
    "43": 1,
    "44": 1,
    "45": 1,
    "46": 1,
    "47": 1,
    "48": 1,
    "49": 0,
    "50": 0,
    "51": 0,
    "52": 0,
    "53": 0
}