{
    "0": [
        46,
        48,
        49,
        50,
        51
    ],
    "1": [
        31,
        34,
        37,
        38,
        40,
        41,
        43,
        44,
        47
    ],
    "2": [
        26,
        27,
        29,
        32,
        35
    ],
    "3": [
        23,
        45,
        52,
        53,
        54
    ],
    "4": [
        14,
        16,
        18,
        19,
        21,
        22,
        24,
        25,
        28
    ],
    "5": [
        13,
        20,
        36,
        39,
        42
    ],
    "6": [
        2,
        3,
        17,
        30,
        33
    ],
    "7": [
        1,
        4,
        5,
        6,
        7,
        8,
        9,
        10,
        11,
        12,
        15
    ]
}