{
    "1": 7,
    "2": 6,
    "3": 6,
    "4": 7,
    "5": 7,
    "6": 7,
    "7": 7,
    "8": 7,
    "9": 7,
    "10": 7,
    "11": 7,
    "12": 7,
    "13": 5,
    "14": 4,
    "15": 7,
    "16": 4,
    "17": 6,
    "18": 4,
    "19": 4,
    "20": 5,
    "21": 4,
    "22": 4,
    "23": 3,
    "24": 4,
    "25": 4,
    "26": 2,
    "27": 2,
    "28": 4,
    "29": 2,
    "30": 6,
    "31": 1,
    "32": 2,
    "33": 6,
    "34": 1,
    "35": 2,
    "36": 5,
    "37": 1,
    "38": 1,
    "39": 5,
    "40": 1,
    "41": 1,
    "42": 5,
    "43": 1,
    "44": 1,
    "45": 3,
    "46": 0,
    "47": 1,
    "48": 0,
    "49": 0,
    "50": 0,
    "51": 0,
    "52": 3,
    "53": 3,
    "54": 3
}