{
    "0": [
        56,
        57,
        58,
        59,
        60
    ],
    "1": [
        50,
        51,
        52,
        53,
        54,
        55
    ],
    "2": [
        45,
        46,
        47,
        48,
        49
    ],
    "3": [
        26,
        27,
        28,
        29,
        30,
        31,
        32,
        33
    ],
    "4": [
        23,
        24,
        25,
        34,
        35,
        36,
        37,
        38,
        39
    ],
    "5": [
        17,
        18,
        19,
        20,
        21,
        22
    ],
    "6": [
        9,
        10,
        11,
        12,
        13,
        15,
        16,
        40,
        41,
        42,
        43,
        44
    ],
    "7": [
        1,
        2,
        3,
        4,
        5,
        6,
        7,
        8,
        14
    ]
}