{
    "1": 7,
    "2": 7,
    "3": 7,
    "4": 7,
    "5": 7,
    "6": 7,
    "7": 7,
    "8": 7,
    "9": 6,
    "10": 6,
    "11": 6,
    "12": 6,
    "13": 6,
    "14": 7,
    "15": 6,
    "16": 6,
    "17": 5,
    "18": 5,
    "19": 5,
    "20": 5,
    "21": 5,
    "22": 5,
    "23": 4,
    "24": 4,
    "25": 4,
    "26": 3,
    "27": 3,
    "28": 3,
    "29": 3,
    "30": 3,
    "31": 3,
    "32": 3,
    "33": 3,
    "34": 4,
    "35": 4,
    "36": 4,
    "37": 4,
    "38": 4,
    "39": 4,
    "40": 6,
    "41": 6,
    "42": 6,
    "43": 6,
    "44": 6,
    "45": 2,
    "46": 2,
    "47": 2,
    "48": 2,
    "49": 2,
    "50": 1,
    "51": 1,
    "52": 1,
    "53": 1,
    "54": 1,
    "55": 1,
    "56": 0,
    "57": 0,
    "58": 0,
    "59": 0,
    "60": 0
}